Timestamp,Temp_MRC_air,Temp_MRC_surf,Temp_MRC_+000.07m,Temp_MRC_+000.13m,Temp_MRC_+000.20m,Temp_MRC_+000.28m,Temp_MRC_+000.35m,Temp_MRC_+000.42m,Temp_MRC_+000.51m,Temp_MRC_+000.58m,Temp_MRC_+000.74m,Temp_MRC_+000.89m,Temp_MRC_+001.10m,Temp_107_+000.15m,Temp_107_+000.30m,Temp_107_+000.60m
2019-06-01,  -0.55,  -0.13,   0.76,   0.87,   0.29,  -0.12,  -0.35,  -0.58,  -0.84,  -1.07,  -1.45,  -2.02,  -2.49,  -0.19,  -0.93,  -1.74
2019-06-02,  -0.42,  -0.01,   1.52,   1.67,   0.75,  -0.09,  -0.34,  -0.57,  -0.82,  -1.04,  -1.42,  -1.98,  -2.45,  -0.24,  -0.97,  -1.73
2019-06-03,  -0.04,   0.08,   1.64,   1.77,   0.92,  -0.06,  -0.34,  -0.56,  -0.80,  -1.03,  -1.39,  -1.95,  -2.40,  -0.28,  -0.99,  -1.71
2019-06-04,   0.09,   0.08,   1.48,   1.62,   0.89,  -0.05,  -0.34,  -0.56,  -0.80,  -1.01,  -1.37,  -1.91,  -2.36,  -0.29,  -1.00,  -1.69
2019-06-05,   0.33,   0.27,   2.43,   2.56,   1.51,   0.03,  -0.34,  -0.55,  -0.77,  -0.99,  -1.35,  -1.88,  -2.32,  -0.29,  -0.99,  -1.67
2019-06-06,   0.61,   0.36,   2.44,   2.58,   1.67,   0.08,  -0.33,  -0.53,  -0.77,  -0.97,  -1.32,  -1.85,  -2.29,  -0.28,  -0.98,  -1.65
2019-06-07,   3.66,   1.22,   7.93,   7.73,   4.45,   0.56,  -0.32,  -0.53,  -0.75,  -0.96,  -1.30,  -1.82,  -2.25,  -0.27,  -0.95,  -1.61
2019-06-08,   4.77,   1.78,   9.82,   9.43,   5.74,   1.01,  -0.30,  -0.51,  -0.74,  -0.94,  -1.28,  -1.80,  -2.22,  -0.24,  -0.93,  -1.59
2019-06-09,   1.47,   1.11,   4.91,   4.85,   3.16,   0.68,  -0.29,  -0.50,  -0.72,  -0.92,  -1.26,  -1.76,  -2.19,  -0.21,  -0.91,  -1.56
2019-06-10,   0.41,   0.60,   2.71,   2.87,   1.78,   0.36,  -0.27,  -0.49,  -0.70,  -0.90,  -1.23,  -1.74,  -2.15,  -0.18,  -0.89,  -1.53
2019-06-11,   5.78,   2.18,   8.40,   7.97,   5.60,   1.42,  -0.24,  -0.47,  -0.68,  -0.87,  -1.21,  -1.71,  -2.12,  -0.15,  -0.85,  -1.50
2019-06-12,   2.48,   1.36,   6.15,   6.02,   3.75,   0.99,  -0.22,  -0.45,  -0.66,  -0.85,  -1.18,  -1.68,  -2.08,  -0.13,  -0.83,  -1.47
2019-06-13,   2.02,   0.99,   3.89,   3.90,   2.48,   0.72,  -0.21,  -0.43,  -0.64,  -0.83,  -1.16,  -1.65,  -2.05,  -0.10,  -0.81,  -1.44
2019-06-14,   2.00,   1.40,   5.83,   6.04,   3.49,   1.05,  -0.18,  -0.42,  -0.62,  -0.81,  -1.14,  -1.62,  -2.02,  -0.09,  -0.78,  -1.41
2019-06-15,   4.92,   1.97,  10.34,   9.86,   5.40,   1.54,  -0.15,  -0.40,  -0.60,  -0.79,  -1.11,  -1.60,  -2.00,  -0.06,  -0.75,  -1.38
2019-06-16,   7.40,   2.92,   9.29,   9.13,   6.43,   2.25,  -0.05,  -0.39,  -0.59,  -0.78,  -1.09,  -1.57,  -1.97,  -0.02,  -0.73,  -1.36
2019-06-17,   0.99,   1.40,   2.91,   3.06,   2.21,   1.17,  -0.02,  -0.37,  -0.57,  -0.76,  -1.07,  -1.54,  -1.93,   0.02,  -0.71,  -1.33
2019-06-18,   3.60,   1.99,   8.76,   8.75,   5.11,   1.59,   0.04,  -0.36,  -0.56,  -0.74,  -1.04,  -1.52,  -1.90,   0.07,  -0.68,  -1.31
2019-06-19,   6.32,   3.31,  10.31,   9.86,   6.38,   2.76,   0.39,  -0.34,  -0.53,  -0.71,  -1.02,  -1.49,  -1.88,   0.24,  -0.66,  -1.28
2019-06-20,   7.78,   3.89,  11.35,  11.21,   7.85,   3.18,   0.65,  -0.31,  -0.51,  -0.69,  -1.00,  -1.46,  -1.85,   0.46,  -0.63,  -1.25
2019-06-21,  14.44,   6.83,  16.73,  16.01,  12.67,   5.77,   1.79,  -0.27,  -0.49,  -0.67,  -0.97,  -1.43,  -1.82,   0.92,  -0.60,  -1.21
2019-06-22,  10.88,   6.61,  14.25,  13.79,  11.03,   5.81,   2.41,  -0.18,  -0.46,  -0.64,  -0.95,  -1.41,  -1.78,   1.38,  -0.58,  -1.19
2019-06-23,   7.33,   5.50,  10.32,  10.28,   8.33,   4.90,   2.35,  -0.05,  -0.39,  -0.60,  -0.92,  -1.38,  -1.76,   1.58,  -0.55,  -1.17
2019-06-24,   3.68,   3.55,   4.23,   4.07,   3.86,   3.33,   1.98,   0.11,  -0.35,  -0.56,  -0.88,  -1.35,  -1.74,   1.54,  -0.52,  -1.15
2019-06-25,   2.71,   2.04,   5.00,   4.70,   3.64,   1.93,   0.97,   0.04,  -0.34,  -0.53,  -0.85,  -1.32,  -1.70,   0.92,  -0.48,  -1.11
2019-06-26,   6.58,   3.78,  10.25,   9.82,   6.80,   3.42,   1.64,   0.20,  -0.33,  -0.52,  -0.83,  -1.30,  -1.68,   1.17,  -0.45,  -1.08
2019-06-27,   6.96,   4.13,   9.55,   9.05,   6.68,   3.81,   2.07,   0.41,  -0.31,  -0.49,  -0.80,  -1.26,  -1.65,   1.53,  -0.43,  -1.05
2019-06-28,   3.14,   3.26,   5.06,   5.06,   4.26,   3.05,   1.87,   0.49,  -0.29,  -0.47,  -0.77,  -1.24,  -1.61,   1.52,  -0.41,  -1.03
2019-06-29,   4.28,   3.16,   5.06,   4.96,   4.43,   2.95,   1.73,   0.50,  -0.27,  -0.46,  -0.75,  -1.21,  -1.59,   1.32,  -0.39,  -1.00
2019-06-30,   5.59,   4.04,   7.32,   7.26,   6.29,   3.76,   2.05,   0.65,  -0.24,  -0.43,  -0.73,  -1.19,  -1.56,   1.33,  -0.37,  -0.98
2019-07-01,  11.54,   6.19,  12.36,  11.99,  10.50,   5.73,   3.08,   1.13,  -0.21,  -0.42,  -0.72,  -1.17,  -1.54,   1.83,  -0.34,  -0.95
2019-07-02,  13.36,   7.99,  15.60,  15.02,  12.39,   7.55,   4.45,   1.91,  -0.11,  -0.40,  -0.69,  -1.15,  -1.51,   2.47,  -0.32,  -0.92
2019-07-03,  11.04,   7.56,  11.67,  11.52,  10.63,   7.30,   4.79,   2.42,   0.16,  -0.37,  -0.67,  -1.12,  -1.48,   2.90,  -0.30,  -0.90
2019-07-04,  16.07,   9.28,  18.03,  17.33,  14.82,   8.95,   5.55,   2.88,   0.58,  -0.33,  -0.65,  -1.10,  -1.47,   3.11,  -0.27,  -0.88
2019-07-05,  12.52,   9.34,  13.58,  13.37,  12.43,   9.17,   6.42,   3.71,   1.20,  -0.27,  -0.61,  -1.06,  -1.43,   3.78,  -0.25,  -0.86
2019-07-06,  11.81,   8.65,  14.15,  14.02,  12.58,   8.58,   5.95,   3.64,   1.47,  -0.19,  -0.57,  -1.02,  -1.40,   3.73,  -0.22,  -0.83
2019-07-07,  15.57,   9.99,  18.39,  17.97,  15.68,  10.02,   6.69,   4.10,   1.86,  -0.06,  -0.54,  -1.00,  -1.38,   4.08,  -0.18,  -0.80
2019-07-08,   6.70,   7.76,   9.57,   9.58,   8.91,   7.77,   6.28,   4.33,   2.27,   0.19,  -0.52,  -0.98,  -1.35,   4.33,  -0.16,  -0.78
2019-07-09,   9.55,   7.77,  13.05,  13.04,  11.61,   7.95,   5.66,   3.82,   2.11,   0.41,  -0.49,  -0.95,  -1.32,   3.95,  -0.11,  -0.75
2019-07-10,   5.02,   6.18,   6.73,   6.78,   6.65,   6.22,   5.29,   3.88,   2.30,   0.67,  -0.44,  -0.92,  -1.29,   3.99,  -0.08,  -0.73
2019-07-11,   7.48,   5.80,  10.70,  10.65,   8.99,   6.04,   4.46,   3.19,   1.93,   0.67,  -0.41,  -0.88,  -1.26,   3.30,  -0.03,  -0.69
2019-07-12,   8.22,   6.04,  11.05,  10.91,   9.26,   6.30,   4.65,   3.29,   2.01,   0.80,  -0.37,  -0.86,  -1.23,   3.36,   0.02,  -0.66
2019-07-13,  11.33,   7.12,  13.92,  13.71,  12.17,   7.63,   5.05,   3.47,   2.13,   0.94,  -0.34,  -0.84,  -1.20,   3.38,   0.17,  -0.62
2019-07-14,  16.16,  10.20,  18.86,  18.55,  16.66,  10.89,   7.23,   4.82,   2.92,   1.40,  -0.31,  -0.80,  -1.17,   4.14,   0.38,  -0.58
2019-07-15,   9.27,   8.23,   9.21,   9.18,   9.06,   8.35,   7.06,   5.40,   3.60,   1.97,  -0.25,  -0.77,  -1.14,   4.52,   0.65,  -0.57
2019-07-16,  14.61,   9.13,  15.80,  15.55,  14.64,   9.89,   6.65,   4.81,   3.25,   1.89,  -0.18,  -0.73,  -1.12,   4.05,   0.76,  -0.53
2019-07-17,   8.92,   8.63,  10.72,  10.71,  10.28,   8.88,   7.28,   5.54,   3.80,   2.30,  -0.03,  -0.70,  -1.09,   4.63,   0.99,  -0.50
2019-07-18,  10.06,   7.47,  11.78,  11.58,  10.73,   7.95,   6.11,   4.84,   3.55,   2.33,   0.19,  -0.66,  -1.06,   4.28,   1.13,  -0.47
2019-07-19,   8.19,   7.38,   9.16,   9.04,   8.63,   7.60,   6.30,   4.94,   3.57,   2.37,   0.42,  -0.61,  -1.02,   4.27,   1.22,  -0.44
2019-07-20,   8.70,   6.91,   9.20,   9.08,   8.77,   7.24,   5.80,   4.60,   3.42,   2.36,   0.61,  -0.55,  -0.98,   3.98,   1.29,  -0.40
2019-07-21,   9.35,   6.55,   9.59,   9.45,   9.13,   6.95,   5.35,   4.30,   3.27,   2.33,   0.74,  -0.48,  -0.95,   3.80,   1.32,  -0.36
2019-07-22,  13.75,   9.04,  14.92,  14.68,  13.68,   9.67,   6.67,   4.88,   3.50,   2.44,   0.86,  -0.43,  -0.91,   4.09,   1.41,  -0.32
2019-07-23,  10.21,   8.88,  12.38,  12.33,  11.53,   9.23,   7.33,   5.68,   4.18,   2.96,   1.15,  -0.39,  -0.87,   4.83,   1.73,  -0.30
2019-07-24,   7.47,   7.35,   9.00,   8.94,   8.52,   7.54,   6.53,   5.43,   4.25,   3.15,   1.37,  -0.35,  -0.84,   4.84,   1.96,  -0.27
2019-07-25,  10.76,   7.87,  12.72,  12.55,  11.64,   8.42,   6.34,   5.06,   3.96,   2.99,   1.40,  -0.30,  -0.80,   4.55,   1.97,  -0.24
2019-07-26,   8.19,   7.42,  10.14,  10.06,   9.39,   7.72,   6.43,   5.26,   4.11,   3.09,   1.48,  -0.26,  -0.79,   4.64,   2.03,  -0.21
2019-07-27,  10.02,   7.52,  10.25,  10.18,   9.88,   7.86,   6.25,   5.08,   4.01,   3.06,   1.53,  -0.23,  -0.76,   4.54,   2.09,  -0.18
2019-07-28,   9.16,   7.60,   9.71,   9.64,   9.30,   7.84,   6.44,   5.23,   4.08,   3.10,   1.59,  -0.19,  -0.74,   4.54,   2.11,  -0.15
2019-07-29,  10.14,   7.78,  12.35,  12.15,  11.12,   8.22,   6.32,   5.10,   4.02,   3.10,   1.64,  -0.14,  -0.71,   4.53,   2.15,  -0.11
2019-07-30,  12.69,   8.33,  13.79,  13.44,  12.56,   8.94,   6.72,   5.34,   4.17,   3.21,   1.71,  -0.07,  -0.69,   4.79,   2.26,  -0.07
2019-07-31,  14.13,   9.57,  14.52,  14.37,  13.58,  10.14,   7.65,   5.99,   4.60,   3.49,   1.87,   0.01,  -0.67,   5.17,   2.42,  -0.01
2019-08-01,  11.05,   8.67,  11.98,  11.71,  11.04,   9.03,   7.63,   6.29,   4.96,   3.83,   2.11,   0.10,  -0.66,   5.44,   2.65,   0.07
2019-08-02,  10.30,   7.96,  11.77,  11.63,  11.05,   8.40,   6.87,   5.77,   4.72,   3.76,   2.18,   0.19,  -0.63,   5.11,   2.68,   0.15
2019-08-03,   9.30,   7.72,   9.85,   9.77,   9.44,   7.99,   6.68,   5.63,   4.59,   3.66,   2.15,   0.25,  -0.62,   5.01,   2.64,   0.21
2019-08-04,   7.06,   6.81,   8.05,   7.89,   7.48,   6.91,   6.32,   5.45,   4.49,   3.60,   2.14,   0.31,  -0.60,   4.98,   2.62,   0.27
2019-08-05,   6.49,   6.22,   7.70,   7.64,   7.30,   6.36,   5.64,   4.92,   4.15,   3.39,   2.08,   0.35,  -0.58,   4.74,   2.57,   0.31
2019-08-06,   3.82,   5.27,   5.43,   5.42,   5.36,   5.28,   5.02,   4.50,   3.84,   3.16,   1.97,   0.36,  -0.57,   4.47,   2.47,   0.35
2019-08-07,   4.15,   4.86,   6.01,   5.95,   5.56,   4.94,   4.50,   4.01,   3.45,   2.86,   1.81,   0.34,  -0.55,   4.05,   2.31,   0.36
2019-08-08,   4.21,   4.36,   4.68,   4.64,   4.61,   4.42,   4.10,   3.68,   3.16,   2.62,   1.66,   0.34,  -0.53,   3.79,   2.16,   0.36
2019-08-09,   5.35,   5.06,   7.48,   7.49,   6.75,   5.28,   4.28,   3.58,   2.97,   2.42,   1.53,   0.29,  -0.53,   3.55,   2.00,   0.36
2019-08-10,   4.22,   4.46,   4.64,   4.57,   4.56,   4.54,   4.14,   3.60,   3.00,   2.44,   1.51,   0.31,  -0.51,   3.69,   2.01,   0.37
2019-08-11,   5.60,   4.69,   5.52,   5.47,   5.41,   4.85,   4.13,   3.50,   2.90,   2.36,   1.48,   0.32,  -0.50,   3.48,   1.97,   0.38
2019-08-12,   8.27,   5.67,   9.60,   9.41,   8.65,   6.07,   4.45,   3.56,   2.87,   2.31,   1.44,   0.32,  -0.49,   3.39,   1.90,   0.39
2019-08-13,  11.57,   7.79,  11.86,  11.73,  11.34,   8.30,   5.93,   4.47,   3.40,   2.62,   1.56,   0.35,  -0.47,   4.09,   2.04,   0.42
2019-08-14,   9.78,   8.44,   9.79,   9.69,   9.56,   8.62,   7.03,   5.49,   4.20,   3.23,   1.90,   0.47,  -0.47,   4.78,   2.41,   0.51
2019-08-15,   4.99,   5.92,   6.24,   6.08,   5.81,   5.94,   5.78,   5.15,   4.31,   3.50,   2.19,   0.61,  -0.46,   4.76,   2.65,   0.60
2019-08-16,   4.25,   5.36,   5.30,   5.22,   4.97,   5.37,   5.31,   4.75,   4.04,   3.34,   2.17,   0.64,  -0.45,   4.54,   2.62,   0.63
2019-08-17,   5.12,   4.70,   5.42,   5.33,   5.15,   4.81,   4.60,   4.21,   3.68,   3.11,   2.07,   0.63,  -0.43,   4.19,   2.51,   0.63
2019-08-18,   4.47,   4.34,   4.90,   4.82,   4.68,   4.44,   4.16,   3.77,   3.29,   2.80,   1.88,   0.60,  -0.42,   3.77,   2.32,   0.61
2019-08-19,   4.44,   4.35,   4.83,   4.77,   4.69,   4.47,   4.12,   3.64,   3.10,   2.60,   1.73,   0.55,  -0.42,   3.61,   2.14,   0.57
2019-08-20,   4.28,   4.28,   4.63,   4.59,   4.55,   4.38,   3.98,   3.50,   2.96,   2.47,   1.64,   0.52,  -0.42,   3.43,   2.05,   0.55
2019-08-21,   4.68,   4.13,   5.77,   5.59,   5.10,   4.29,   3.70,   3.24,   2.76,   2.32,   1.55,   0.50,  -0.40,   3.18,   1.93,   0.54
2019-08-22,   5.15,   4.70,   5.44,   5.37,   5.25,   4.86,   4.17,   3.49,   2.85,   2.32,   1.50,   0.48,  -0.38,   3.31,   1.89,   0.52
2019-08-23,   4.06,   4.14,   4.52,   4.45,   4.20,   4.20,   3.98,   3.48,   2.91,   2.39,   1.55,   0.51,  -0.38,   3.35,   1.94,   0.55
2019-08-24,   5.99,   4.56,   6.08,   6.00,   5.85,   4.85,   3.93,   3.34,   2.80,   2.33,   1.55,   0.52,  -0.38,   3.28,   1.95,   0.57
2019-08-25,   6.24,   5.54,   6.30,   6.24,   6.19,   5.73,   4.69,   3.78,   3.01,   2.43,   1.56,   0.53,  -0.38,   3.35,   1.93,   0.57
2019-08-26,   7.41,   5.96,   7.29,   7.25,   7.17,   6.23,   5.00,   4.05,   3.24,   2.61,   1.67,   0.58,  -0.36,   3.48,   2.00,   0.60
2019-08-27,   5.26,   6.34,   5.54,   5.54,   5.71,   6.47,   5.56,   4.51,   3.56,   2.84,   1.80,   0.65,  -0.35,   3.74,   2.10,   0.64
2019-08-28,   3.35,   4.53,   3.95,   3.84,   3.69,   4.50,   4.43,   4.00,   3.43,   2.87,   1.91,   0.73,  -0.34,   3.59,   2.18,   0.69
2019-08-29,   3.57,   4.20,   3.72,   3.71,   3.72,   4.18,   4.08,   3.67,   3.15,   2.66,   1.82,   0.71,  -0.34,   3.38,   2.09,   0.69
2019-08-30,   3.51,   3.82,   3.83,   3.79,   3.63,   3.82,   3.72,   3.37,   2.91,   2.47,   1.70,   0.68,  -0.34,   3.18,   1.98,   0.66
2019-08-31,   2.76,   3.03,   3.28,   3.26,   3.03,   3.00,   3.10,   2.94,   2.62,   2.26,   1.58,   0.63,  -0.33,   2.95,   1.87,   0.63
2019-09-01,   4.59,   3.46,   5.37,   5.36,   4.81,   3.73,   3.08,   2.69,   2.34,   2.01,   1.42,   0.57,  -0.31,   2.72,   1.74,   0.60
2019-09-02,   6.18,   4.14,   6.92,   6.90,   6.20,   4.57,   3.50,   2.87,   2.36,   1.96,   1.33,   0.52,  -0.31,   2.70,   1.66,   0.56
2019-09-03,  10.86,   6.16,  11.72,  11.65,  10.65,   7.01,   4.70,   3.49,   2.66,   2.11,   1.36,   0.53,  -0.30,   2.98,   1.69,   0.57
2019-09-04,  10.43,   7.64,  10.38,  10.28,   9.89,   8.18,   6.27,   4.77,   3.54,   2.71,   1.65,   0.63,  -0.28,   3.87,   1.99,   0.63
2019-09-05,   9.20,   6.50,   8.92,   8.84,   8.21,   6.83,   5.82,   4.88,   3.94,   3.18,   2.04,   0.84,  -0.29,   4.25,   2.39,   0.78
2019-09-06,  10.53,   6.72,  10.45,  10.39,   9.53,   7.26,   5.86,   4.84,   3.94,   3.25,   2.18,   0.95,  -0.27,   4.21,   2.53,   0.88
2019-09-07,  10.26,   6.91,  10.19,  10.12,   9.42,   7.41,   6.06,   5.01,   4.05,   3.32,   2.24,   1.01,  -0.26,   4.26,   2.56,   0.91
2019-09-08,  11.11,   7.19,  11.00,  10.99,  10.30,   7.79,   6.19,   5.09,   4.13,   3.40,   2.30,   1.05,  -0.26,   4.36,   2.62,   0.94
2019-09-09,  10.22,   7.06,  10.75,  10.74,   9.85,   7.56,   6.30,   5.27,   4.29,   3.53,   2.38,   1.10,  -0.23,   4.49,   2.70,   0.98
2019-09-10,   7.33,   6.30,   7.14,   7.12,   6.93,   6.53,   5.89,   5.11,   4.27,   3.56,   2.44,   1.16,  -0.22,   4.49,   2.75,   1.01
2019-09-11,   4.29,   5.09,   5.04,   5.05,   4.99,   5.15,   4.98,   4.53,   3.94,   3.38,   2.40,   1.17,  -0.20,   4.20,   2.69,   1.02
2019-09-12,   3.51,   4.30,   4.00,   4.02,   4.02,   4.27,   4.29,   4.00,   3.54,   3.08,   2.23,   1.12,  -0.19,   3.87,   2.53,   0.98
2019-09-13,   2.57,   3.43,   2.82,   2.85,   2.91,   3.35,   3.56,   3.43,   3.11,   2.75,   2.03,   1.03,  -0.19,   3.46,   2.32,   0.91
2019-09-14,   1.76,   2.75,   1.97,   1.97,   2.03,   2.66,   2.90,   2.85,   2.64,   2.37,   1.78,   0.91,  -0.19,   2.99,   2.07,   0.82
2019-09-15,   1.25,   2.14,   1.68,   1.73,   1.70,   2.08,   2.32,   2.34,   2.21,   2.00,   1.52,   0.77,  -0.18,   2.56,   1.80,   0.72
2019-09-16,   1.23,   1.91,   1.49,   1.45,   1.45,   1.89,   2.04,   2.01,   1.87,   1.68,   1.28,   0.64,  -0.18,   2.25,   1.56,   0.62
2019-09-17,   0.47,   1.48,   0.69,   0.66,   0.73,   1.39,   1.70,   1.71,   1.60,   1.44,   1.09,   0.53,  -0.18,   1.95,   1.37,   0.54
2019-09-18,   1.24,   1.49,   1.75,   1.68,   1.56,   1.64,   1.53,   1.45,   1.34,   1.20,   0.92,   0.44,  -0.18,   1.66,   1.18,   0.47
2019-09-19,   1.73,   1.79,   2.35,   2.28,   1.99,   1.94,   1.77,   1.55,   1.32,   1.13,   0.82,   0.37,  -0.18,   1.65,   1.06,   0.41
2019-09-20,   1.39,   1.49,   1.46,   1.47,   1.43,   1.55,   1.57,   1.47,   1.29,   1.10,   0.79,   0.34,  -0.18,   1.63,   1.04,   0.39
2019-09-21,   2.67,   1.98,   2.86,   2.86,   2.84,   2.30,   1.77,   1.47,   1.23,   1.04,   0.73,   0.31,  -0.19,   1.55,   1.00,   0.38
2019-09-22,   1.13,   1.65,   1.36,   1.30,   1.30,   1.66,   1.72,   1.54,   1.30,   1.08,   0.74,   0.31,  -0.18,   1.56,   0.98,   0.37
2019-09-23,   0.65,   1.28,   0.45,   0.39,   0.49,   1.24,   1.41,   1.33,   1.17,   1.01,   0.71,   0.31,  -0.18,   1.43,   0.95,   0.36
2019-09-24,   0.41,   0.27,  -0.07,  -0.04,  -0.22,   0.22,   0.68,   0.89,   0.92,   0.84,   0.64,   0.27,  -0.18,   1.21,   0.86,   0.33
2019-09-25,   0.22,   0.45,   0.03,   0.04,   0.06,   0.48,   0.57,   0.58,   0.58,   0.55,   0.45,   0.19,  -0.18,   0.83,   0.68,   0.28
2019-09-26,  -0.11,  -0.05,   0.00,  -0.02,  -0.20,  -0.06,   0.24,   0.37,   0.41,   0.37,   0.30,   0.09,  -0.18,   0.68,   0.53,   0.21
2019-09-27,   1.13,   0.10,   1.01,   1.06,   0.68,   0.32,   0.19,   0.19,   0.21,   0.21,   0.17,   0.02,  -0.18,   0.47,   0.40,   0.16
2019-09-28,   2.96,   0.80,   2.71,   2.64,   2.24,   1.32,   0.56,   0.29,   0.18,   0.13,   0.08,  -0.04,  -0.19,   0.36,   0.29,   0.11
2019-09-29,   0.78,   0.20,  -0.08,  -0.08,  -0.04,   0.28,   0.40,   0.36,   0.27,   0.17,   0.07,  -0.07,  -0.20,   0.43,   0.27,   0.08
2019-09-30,   3.30,   1.17,   2.85,   2.78,   2.64,   1.79,   0.78,   0.40,   0.22,   0.12,   0.05,  -0.08,  -0.20,   0.38,   0.26,   0.08
2019-10-01,   2.85,   2.16,   2.92,   2.88,   2.89,   2.55,   1.69,   1.08,   0.63,   0.37,   0.14,  -0.06,  -0.22,   0.77,   0.33,   0.09
2019-10-02,  -0.03,   1.03,   0.26,   0.27,   0.32,   0.89,   1.20,   1.10,   0.86,   0.63,   0.34,   0.05,  -0.22,   1.04,   0.53,   0.14
2019-10-03,  -0.22,   0.12,  -0.95,  -0.94,  -0.71,   0.03,   0.45,   0.59,   0.59,   0.52,   0.37,   0.08,  -0.22,   0.84,   0.57,   0.18
2019-10-04,   1.05,   0.12,   0.55,   0.54,   0.40,   0.29,   0.23,   0.28,   0.31,   0.30,   0.24,   0.04,  -0.22,   0.55,   0.45,   0.16
2019-10-05,  -0.31,   0.04,  -0.34,  -0.25,  -0.62,  -0.10,   0.22,   0.23,   0.20,   0.17,   0.12,  -0.03,  -0.22,   0.39,   0.32,   0.11
2019-10-06,  -2.01,  -0.20,  -2.21,  -2.19,  -2.14,  -0.58,  -0.03,   0.04,   0.06,   0.06,   0.04,  -0.07,  -0.22,   0.26,   0.23,   0.07
2019-10-07,  -1.09,  -0.22,  -1.36,  -1.36,  -1.39,  -0.41,  -0.07,  -0.04,  -0.02,  -0.03,  -0.03,  -0.12,  -0.22,   0.17,   0.15,   0.04
2019-10-08,  -3.88,  -0.25,  -4.70,  -4.56,  -3.93,  -0.90,  -0.11,  -0.09,  -0.08,  -0.09,  -0.08,  -0.14,  -0.24,   0.09,   0.09,   0.01
2019-10-09,   0.56,  -0.23,   0.21,   0.15,   0.04,  -0.13,  -0.11,  -0.10,  -0.11,  -0.12,  -0.11,  -0.17,  -0.25,   0.06,   0.06,  -0.00
2019-10-10,  -0.59,  -0.22,  -0.56,  -0.53,  -0.72,  -0.22,  -0.11,  -0.11,  -0.12,  -0.14,  -0.13,  -0.18,  -0.25,   0.03,   0.04,  -0.01
2019-10-11,  -1.39,  -0.25,  -1.61,  -1.59,  -1.55,  -0.48,  -0.13,  -0.14,  -0.15,  -0.14,  -0.14,  -0.18,  -0.25,   0.02,   0.02,  -0.02
2019-10-12,  -1.46,  -0.33,  -1.52,  -1.54,  -1.53,  -0.58,  -0.14,  -0.14,  -0.15,  -0.17,  -0.14,  -0.18,  -0.25,   0.00,   0.01,  -0.02
2019-10-13,  -6.68,  -0.61,  -7.32,  -7.21,  -6.73,  -1.70,  -0.15,  -0.14,  -0.14,  -0.16,  -0.15,  -0.20,  -0.24,  -0.01,  -0.00,  -0.03
2019-10-14,  -7.31,  -1.03,  -7.93,  -7.78,  -7.23,  -2.11,  -0.17,  -0.15,  -0.15,  -0.16,  -0.16,  -0.20,  -0.26,  -0.02,  -0.01,  -0.04
2019-10-15,  -5.88,  -1.08,  -6.77,  -6.66,  -6.00,  -1.96,  -0.22,  -0.15,  -0.16,  -0.16,  -0.16,  -0.20,  -0.26,  -0.03,  -0.01,  -0.04
2019-10-16,  -5.18,  -1.15,  -5.65,  -5.55,  -5.14,  -1.94,  -0.34,  -0.16,  -0.17,  -0.17,  -0.17,  -0.21,  -0.27,  -0.03,  -0.02,  -0.04
2019-10-17,  -3.08,  -1.35,  -3.55,  -3.55,  -3.51,  -1.92,  -0.48,  -0.17,  -0.17,  -0.17,  -0.17,  -0.21,  -0.27,  -0.03,  -0.02,  -0.04
2019-10-18,  -2.82,  -1.48,  -2.94,  -2.90,  -3.03,  -1.95,  -0.63,  -0.17,  -0.18,  -0.17,  -0.17,  -0.21,  -0.27,  -0.04,  -0.02,  -0.04
2019-10-19,  -4.68,  -1.91,  -5.05,  -4.98,  -4.98,  -2.70,  -0.93,  -0.17,  -0.18,  -0.17,  -0.17,  -0.21,  -0.28,  -0.04,  -0.02,  -0.04
2019-10-20, -10.78,  -2.83, -11.98, -11.67, -10.49,  -4.42,  -1.55,  -0.25,  -0.18,  -0.19,  -0.17,  -0.20,  -0.27,  -0.05,  -0.03,  -0.05
2019-10-21,  -5.89,  -2.15,  -5.98,  -5.96,  -5.62,  -2.93,  -1.38,  -0.35,  -0.18,  -0.20,  -0.17,  -0.20,  -0.28,  -0.05,  -0.03,  -0.04
2019-10-22,  -7.23,  -2.02,  -7.52,  -7.49,  -6.98,  -2.92,  -1.28,  -0.43,  -0.18,  -0.20,  -0.17,  -0.20,  -0.28,  -0.05,  -0.03,  -0.05
2019-10-23, -12.21,  -3.38, -12.47, -12.36, -11.48,  -4.93,  -2.18,  -0.78,  -0.19,  -0.19,  -0.19,  -0.20,  -0.29,  -0.06,  -0.04,  -0.05
2019-10-24, -10.37,  -2.87, -10.45, -10.36,  -9.61,  -4.18,  -1.92,  -0.86,  -0.20,  -0.20,  -0.19,  -0.20,  -0.28,  -0.06,  -0.04,  -0.05
2019-10-25, -13.78,  -4.10, -14.20, -14.05, -12.84,  -5.81,  -2.84,  -1.35,  -0.23,  -0.22,  -0.19,  -0.22,  -0.30,  -0.07,  -0.04,  -0.05
2019-10-26, -11.79,  -4.42, -12.84, -12.69, -12.05,  -5.89,  -3.09,  -1.64,  -0.31,  -0.22,  -0.19,  -0.21,  -0.30,  -0.07,  -0.04,  -0.05
2019-10-27,  -7.47,  -3.75,  -8.31,  -8.25,  -7.64,  -4.56,  -2.94,  -1.80,  -0.49,  -0.22,  -0.19,  -0.21,  -0.29,  -0.07,  -0.04,  -0.05
2019-10-28,   1.40,  -1.16,   0.61,   0.57,   0.37,  -0.79,  -1.15,  -0.97,  -0.47,  -0.22,  -0.18,  -0.22,  -0.29,  -0.05,  -0.03,  -0.04
2019-10-29,   0.48,  -0.43,  -0.65,  -0.66,  -0.70,  -0.34,  -0.48,  -0.54,  -0.39,  -0.22,  -0.18,  -0.22,  -0.29,  -0.06,  -0.03,  -0.04
2019-10-30,  -1.77,  -1.14,  -2.40,  -2.40,  -2.41,  -1.32,  -0.71,  -0.50,  -0.35,  -0.22,  -0.18,  -0.21,  -0.29,  -0.06,  -0.04,  -0.04
2019-10-31,  -3.23,  -1.81,  -3.46,  -3.49,  -3.61,  -2.16,  -1.23,  -0.74,  -0.38,  -0.23,  -0.18,  -0.21,  -0.29,  -0.07,  -0.04,  -0.05
2019-11-01,  -4.44,  -2.29,  -4.52,  -4.54,  -4.49,  -2.70,  -1.67,  -1.04,  -0.47,  -0.24,  -0.20,  -0.21,  -0.29,  -0.07,  -0.04,  -0.05
2019-11-02,  -5.71,  -2.55,  -6.19,  -6.18,  -5.95,  -3.12,  -1.86,  -1.19,  -0.57,  -0.24,  -0.20,  -0.20,  -0.30,  -0.09,  -0.04,  -0.06
2019-11-03,  -6.47,  -3.20,  -6.99,  -6.99,  -6.83,  -3.91,  -2.35,  -1.50,  -0.71,  -0.24,  -0.21,  -0.20,  -0.31,  -0.12,  -0.04,  -0.06
2019-11-04,  -9.43,  -3.30, -10.03, -10.01,  -9.33,  -4.30,  -2.49,  -1.66,  -0.86,  -0.27,  -0.20,  -0.21,  -0.31,  -0.20,  -0.05,  -0.06
2019-11-05, -12.54,  -4.95, -13.00, -13.02, -12.47,  -6.27,  -3.72,  -2.42,  -1.21,  -0.31,  -0.19,  -0.23,  -0.30,  -0.34,  -0.05,  -0.06
2019-11-06,  -7.09,  -3.50,  -7.29,  -7.21,  -6.29,  -3.88,  -2.98,  -2.26,  -1.37,  -0.41,  -0.20,  -0.21,  -0.31,  -0.49,  -0.05,  -0.06
2019-11-07,  -6.29,  -2.75,  -6.74,  -6.68,  -5.72,  -3.18,  -2.25,  -1.71,  -1.12,  -0.48,  -0.21,  -0.21,  -0.32,  -0.41,  -0.05,  -0.06
2019-11-08, -10.95,  -4.72, -11.20, -11.18, -10.51,  -6.09,  -3.77,  -2.52,  -1.45,  -0.61,  -0.20,  -0.23,  -0.31,  -0.47,  -0.06,  -0.07
2019-11-09, -14.82,  -5.65, -16.72, -16.16, -13.40,  -6.99,  -4.79,  -3.55,  -2.27,  -1.14,  -0.19,  -0.22,  -0.29,  -0.80,  -0.06,  -0.07
2019-11-10,  -9.86,  -5.24, -10.38, -10.42, -10.01,  -5.92,  -4.35,  -3.41,  -2.39,  -1.44,  -0.19,  -0.23,  -0.30,  -1.02,  -0.06,  -0.07
2019-11-11,  -6.35,  -3.39,  -6.33,  -6.30,  -5.90,  -3.78,  -2.90,  -2.40,  -1.84,  -1.26,  -0.21,  -0.24,  -0.32,  -0.85,  -0.06,  -0.07
2019-11-12, -13.97,  -5.79, -14.16, -13.99, -12.80,  -7.20,  -4.86,  -3.60,  -2.44,  -1.53,  -0.22,  -0.23,  -0.30,  -0.99,  -0.07,  -0.08
2019-11-13, -15.38,  -5.88, -15.50, -15.27, -13.30,  -7.19,  -4.94,  -3.87,  -2.82,  -1.90,  -0.23,  -0.23,  -0.30,  -1.24,  -0.08,  -0.08
2019-11-14, -15.56,  -6.18, -15.13, -13.88, -11.10,  -7.19,  -5.47,  -4.39,  -3.26,  -2.23,  -0.24,  -0.24,  -0.30,  -1.58,  -0.08,  -0.08
2019-11-15, -15.84,  -4.48, -15.32, -12.34,  -7.48,  -4.77,  -3.86,  -3.27,  -2.60,  -1.93,  -0.27,  -0.25,  -0.30,  -1.95,  -0.09,  -0.08
2019-11-16, -15.85,  -4.00, -15.06, -12.11,  -7.07,  -4.26,  -3.35,  -2.83,  -2.27,  -1.71,  -0.30,  -0.26,  -0.30,  -1.95,  -0.09,  -0.09
2019-11-17, -16.32,  -4.34, -15.07, -12.30,  -9.10,  -5.05,  -3.53,  -2.88,  -2.26,  -1.68,  -0.33,  -0.26,  -0.30,  -1.85,  -0.09,  -0.09
2019-11-18, -19.17,  -3.60, -17.71, -13.30,  -6.39,  -3.86,  -3.11,  -2.65,  -2.14,  -1.65,  -0.37,  -0.25,  -0.31,  -1.86,  -0.10,  -0.10
2019-11-19, -16.64,  -3.90, -14.33, -10.89,  -7.07,  -4.28,  -3.30,  -2.78,  -2.23,  -1.70,  -0.41,  -0.25,  -0.33,  -2.11,  -0.09,  -0.10
2019-11-20, -16.92,  -4.20, -15.88, -12.54,  -7.77,  -4.58,  -3.60,  -3.01,  -2.39,  -1.82,  -0.46,  -0.26,  -0.33,  -2.26,  -0.10,  -0.10
2019-11-21, -15.55,  -3.57, -14.05, -10.79,  -5.93,  -3.71,  -3.16,  -2.78,  -2.31,  -1.82,  -0.52,  -0.26,  -0.33,  -2.17,  -0.10,  -0.10
2019-11-22, -13.33,  -3.15, -11.73,  -9.40,  -5.53,  -3.30,  -2.78,  -2.45,  -2.06,  -1.66,  -0.55,  -0.26,  -0.33,  -1.96,  -0.10,  -0.10
2019-11-23, -10.94,  -2.78,  -7.93,  -6.48,  -4.46,  -2.90,  -2.43,  -2.17,  -1.85,  -1.52,  -0.58,  -0.27,  -0.33,  -1.76,  -0.10,  -0.10
2019-11-24, -14.11,  -2.81,  -9.73,  -7.93,  -5.23,  -3.03,  -2.38,  -2.08,  -1.76,  -1.44,  -0.57,  -0.28,  -0.33,  -1.55,  -0.11,  -0.11
2019-11-25, -15.81,  -2.47,  -9.97,  -8.07,  -4.72,  -2.61,  -2.15,  -1.91,  -1.64,  -1.36,  -0.56,  -0.29,  -0.32,  -1.42,  -0.13,  -0.11
2019-11-26, -17.69,  -2.36, -10.83,  -8.34,  -4.51,  -2.47,  -2.03,  -1.80,  -1.54,  -1.28,  -0.57,  -0.28,  -0.33,  -1.34,  -0.13,  -0.11
2019-11-27,  -5.58,  -2.10,  -5.52,  -4.68,  -3.12,  -2.10,  -1.86,  -1.69,  -1.47,  -1.24,  -0.58,  -0.28,  -0.33,  -1.29,  -0.13,  -0.10
2019-11-28,  -6.76,  -1.82,  -4.36,  -3.70,  -2.57,  -1.81,  -1.63,  -1.50,  -1.33,  -1.15,  -0.57,  -0.29,  -0.34,  -1.19,  -0.14,  -0.11
2019-11-29, -14.15,  -1.68,  -5.45,  -3.96,  -2.38,  -1.65,  -1.47,  -1.36,  -1.21,  -1.06,  -0.56,  -0.30,  -0.34,  -1.11,  -0.16,  -0.12
2019-11-30, -16.06,  -1.88, -10.39,  -7.92,  -4.07,  -1.99,  -1.57,  -1.38,  -1.20,  -1.03,  -0.55,  -0.30,  -0.34,  -1.20,  -0.17,  -0.12
2019-12-01, -13.81,  -2.04,  -6.93,  -5.46,  -3.49,  -2.11,  -1.73,  -1.52,  -1.29,  -1.09,  -0.56,  -0.31,  -0.34,  -1.34,  -0.17,  -0.12
2019-12-02, -13.85,  -2.13,  -8.57,  -6.81,  -4.13,  -2.30,  -1.83,  -1.60,  -1.36,  -1.14,  -0.57,  -0.33,  -0.34,  -1.41,  -0.18,  -0.12
2019-12-03, -22.54,  -2.59, -17.40, -13.86,  -7.46,  -3.09,  -2.16,  -1.81,  -1.49,  -1.22,  -0.59,  -0.32,  -0.35,  -1.56,  -0.21,  -0.13
2019-12-04, -22.02,  -2.75,  -8.29,  -6.47,  -4.50,  -2.91,  -2.37,  -2.04,  -1.69,  -1.38,  -0.64,  -0.35,  -0.35,  -1.86,  -0.22,  -0.14
2019-12-05, -22.75,  -2.80, -10.72,  -7.79,  -4.72,  -2.98,  -2.46,  -2.14,  -1.80,  -1.48,  -0.69,  -0.35,  -0.35,  -2.29,  -0.25,  -0.14
2019-12-06, -23.74,  -2.98, -15.18, -11.55,  -6.12,  -3.25,  -2.58,  -2.26,  -1.90,  -1.57,  -0.74,  -0.37,  -0.36,  -2.46,  -0.30,  -0.14
2019-12-07, -18.92,  -3.31, -14.23, -11.63,  -6.87,  -3.61,  -2.84,  -2.44,  -2.04,  -1.68,  -0.80,  -0.40,  -0.36,  -2.47,  -0.36,  -0.15
2019-12-08, -15.72,  -3.49,  -7.69,  -6.51,  -5.32,  -3.78,  -3.09,  -2.67,  -2.22,  -1.82,  -0.87,  -0.42,  -0.37,  -2.54,  -0.40,  -0.15
2019-12-09, -12.16,  -3.22,  -8.18,  -6.79,  -4.83,  -3.36,  -2.89,  -2.58,  -2.23,  -1.87,  -0.95,  -0.46,  -0.38,  -2.41,  -0.45,  -0.15
2019-12-10, -10.15,  -3.01,  -5.03,  -4.43,  -3.92,  -3.09,  -2.74,  -2.48,  -2.17,  -1.86,  -0.99,  -0.51,  -0.38,  -2.28,  -0.49,  -0.16
2019-12-11, -15.60,  -2.83, -11.20,  -8.54,  -4.96,  -3.01,  -2.56,  -2.32,  -2.05,  -1.78,  -1.02,  -0.56,  -0.38,  -2.20,  -0.52,  -0.17
2019-12-12, -22.76,  -3.46, -20.12, -16.22,  -8.79,  -4.00,  -2.98,  -2.58,  -2.19,  -1.85,  -1.05,  -0.60,  -0.39,  -2.36,  -0.55,  -0.18
2019-12-13, -24.80,  -4.03, -22.17, -17.97,  -9.88,  -4.62,  -3.48,  -3.00,  -2.52,  -2.10,  -1.14,  -0.65,  -0.39,  -2.72,  -0.61,  -0.19
2019-12-14, -22.59,  -4.37, -20.99, -17.33,  -9.94,  -4.93,  -3.83,  -3.33,  -2.82,  -2.36,  -1.28,  -0.73,  -0.41,  -3.05,  -0.69,  -0.19
2019-12-15, -21.87,  -4.27, -17.39, -13.93,  -8.20,  -4.67,  -3.85,  -3.43,  -2.96,  -2.52,  -1.43,  -0.83,  -0.42,  -3.23,  -0.79,  -0.20
2019-12-16, -20.13,  -4.64, -19.14, -16.18, -10.03,  -5.24,  -4.12,  -3.62,  -3.12,  -2.66,  -1.57,  -0.95,  -0.43,  -3.36,  -0.89,  -0.21
2019-12-17, -14.08,  -5.06, -10.09,  -9.55,  -8.56,  -5.68,  -4.56,  -3.99,  -3.42,  -2.91,  -1.73,  -1.07,  -0.45,  -3.78,  -1.01,  -0.22
2019-12-18, -16.02,  -5.25, -11.59, -10.43,  -8.91,  -5.83,  -4.81,  -4.30,  -3.76,  -3.23,  -1.96,  -1.23,  -0.47,  -4.30,  -1.22,  -0.26
2019-12-19, -22.17,  -5.27, -17.12, -14.00,  -9.24,  -5.72,  -4.82,  -4.35,  -3.84,  -3.35,  -2.15,  -1.41,  -0.52,  -4.19,  -1.41,  -0.32
2019-12-20, -25.30,  -5.32, -18.83, -15.11,  -9.14,  -5.67,  -4.85,  -4.41,  -3.92,  -3.45,  -2.29,  -1.57,  -0.62,  -4.38,  -1.58,  -0.42
2019-12-21, -27.80,  -5.50, -22.34, -18.21, -10.69,  -5.99,  -4.98,  -4.52,  -4.04,  -3.58,  -2.45,  -1.73,  -0.76,  -4.50,  -1.78,  -0.57
2019-12-22, -23.85,  -5.68, -19.07, -16.31, -10.43,  -6.17,  -5.18,  -4.74,  -4.24,  -3.77,  -2.63,  -1.92,  -0.96,  -4.72,  -2.00,  -0.76
2019-12-23, -28.25,  -5.90, -22.06, -18.75, -12.06,  -6.57,  -5.35,  -4.86,  -4.36,  -3.91,  -2.82,  -2.14,  -1.20,  -4.73,  -2.22,  -1.03
2019-12-24, -37.23,  -6.60, -24.35, -19.39, -12.01,  -7.23,  -5.96,  -5.36,  -4.77,  -4.24,  -3.06,  -2.38,  -1.45,  -5.23,  -2.51,  -1.38
2019-12-25, -40.22,  -7.60, -27.41, -22.22, -13.93,  -8.38,  -6.86,  -6.17,  -5.48,  -4.86,  -3.48,  -2.72,  -1.71,  -6.23,  -3.01,  -1.80
2019-12-26, -36.68,  -9.03, -29.29, -24.72, -17.03, -10.07,  -8.13,  -7.27,  -6.42,  -5.67,  -4.04,  -3.17,  -2.02,  -7.33,  -3.68,  -2.32
2019-12-27, -33.39,  -9.65, -26.80, -22.45, -15.69, -10.35,  -8.82,  -8.03,  -7.21,  -6.44,  -4.71,  -3.73,  -2.41,  -8.10,  -4.42,  -2.91
2019-12-28, -37.25, -10.52, -32.03, -27.68, -19.58, -11.72,  -9.55,  -8.61,  -7.72,  -6.95,  -5.24,  -4.27,  -2.85,  -8.72,  -5.07,  -3.52
2019-12-29, -31.96, -11.44, -29.01, -26.27, -19.92, -12.57, -10.62,  -9.73,  -8.80,  -7.93,  -5.98,  -4.88,  -3.31,  -9.66,  -5.78,  -4.13
2019-12-30, -27.87, -10.25, -24.25, -21.67, -15.74, -10.92,  -9.75,  -9.19,  -8.57,  -7.95,  -6.40,  -5.39,  -3.81,  -9.60,  -6.29,  -4.69
2019-12-31, -24.43,  -9.24, -18.85, -16.96, -12.94,  -9.67,  -8.91,  -8.54,  -8.11,  -7.66,  -6.46,  -5.61,  -4.17,  -9.10,  -6.48,  -5.07
2020-01-01, -23.81,  -8.92, -19.08, -17.40, -13.34,  -9.39,  -8.55,  -8.17,  -7.78,  -7.40,  -6.40,  -5.68,  -4.41,  -8.68,  -6.48,  -5.27
2020-01-02, -26.28,  -9.07, -21.48, -19.39, -14.43,  -9.62,  -8.64,  -8.23,  -7.81,  -7.41,  -6.42,  -5.75,  -4.58,  -8.62,  -6.49,  -5.39
2020-01-03, -28.99,  -9.22, -23.26, -20.60, -14.84,  -9.87,  -8.79,  -8.37,  -7.94,  -7.54,  -6.54,  -5.88,  -4.74,  -8.77,  -6.59,  -5.51
2020-01-04, -34.81,  -9.57, -26.64, -23.18, -16.00, -10.35,  -9.09,  -8.62,  -8.15,  -7.73,  -6.69,  -6.03,  -4.92,  -8.96,  -6.72,  -5.66
2020-01-05, -42.38,  -9.86, -28.75, -24.25, -16.07, -10.59,  -9.38,  -8.91,  -8.44,  -7.99,  -6.92,  -6.24,  -5.14,  -9.43,  -6.95,  -5.84
2020-01-06, -43.21, -10.55, -31.16, -26.77, -17.88, -11.44,  -9.97,  -9.43,  -8.90,  -8.40,  -7.24,  -6.51,  -5.35, -10.05,  -7.29,  -6.10
2020-01-07, -40.22, -10.93, -30.00, -26.02, -17.87, -11.76, -10.39,  -9.87,  -9.33,  -8.82,  -7.61,  -6.85,  -5.62, -10.48,  -7.66,  -6.40
2020-01-08, -34.25, -11.01, -25.67, -22.80, -16.66, -11.67, -10.55, -10.09,  -9.60,  -9.12,  -7.95,  -7.18,  -5.92, -10.66,  -7.96,  -6.70
2020-01-09, -39.07, -11.34, -29.87, -26.30, -18.53, -12.23, -10.77, -10.27,  -9.77,  -9.30,  -8.18,  -7.43,  -6.19, -10.54,  -8.12,  -6.93
2020-01-10, -38.05, -11.78, -30.65, -27.18, -19.59, -12.79, -11.17, -10.65, -10.12,  -9.63,  -8.45,  -7.69,  -6.44, -10.74,  -8.29,  -7.12
2020-01-11, -34.60, -11.92, -27.99, -24.96, -18.25, -12.65, -11.39, -10.91, -10.41,  -9.93,  -8.75,  -7.98,  -6.70, -10.92,  -8.50,  -7.33
2020-01-12, -34.30, -12.05, -27.65, -24.67, -18.23, -12.75, -11.50, -11.04, -10.57, -10.12,  -8.99,  -8.23,  -6.96, -10.95,  -8.66,  -7.53
2020-01-13, -16.06, -11.89, -20.36, -19.45, -16.00, -12.36, -11.48, -11.10, -10.68, -10.26,  -9.18,  -8.45,  -7.20, -11.06,  -8.81,  -7.70
2020-01-14, -13.70, -10.78, -13.33, -12.81, -11.74, -10.79, -10.57, -10.40, -10.18,  -9.92,  -9.14,  -8.52,  -7.37, -10.50,  -8.81,  -7.82
2020-01-15, -23.54, -10.69, -21.49, -19.50, -15.48, -11.32, -10.33, -10.05,  -9.79,  -9.56,  -8.90,  -8.39,  -7.41,  -9.88,  -8.59,  -7.78
2020-01-16, -24.35, -11.02, -23.44, -21.42, -16.52, -11.68, -10.58, -10.22,  -9.89,  -9.59,  -8.84,  -8.34,  -7.43,  -9.87,  -8.47,  -7.72
2020-01-17, -20.71, -10.95, -20.77, -19.13, -15.23, -11.42, -10.57, -10.27,  -9.96,  -9.66,  -8.92,  -8.39,  -7.46,  -9.99,  -8.50,  -7.73
2020-01-18, -25.45, -11.11, -24.59, -22.16, -16.84, -11.81, -10.66, -10.31,  -9.98,  -9.68,  -8.94,  -8.44,  -7.52, -10.00,  -8.54,  -7.78
2020-01-19, -27.91, -11.55, -26.86, -24.45, -18.81, -12.62, -11.04, -10.61, -10.22,  -9.87,  -9.06,  -8.52,  -7.59, -10.20,  -8.62,  -7.84
2020-01-20, -30.06, -11.83, -28.27, -25.40, -19.11, -12.81, -11.28, -10.85, -10.45, -10.09,  -9.23,  -8.66,  -7.71, -10.41,  -8.75,  -7.94
2020-01-21, -25.02, -12.02, -24.44, -22.59, -17.64, -12.70, -11.54, -11.13, -10.72, -10.34,  -9.43,  -8.84,  -7.84, -10.71,  -8.91,  -8.06
2020-01-22, -24.16, -11.82, -23.62, -21.70, -17.17, -12.52, -11.41, -11.06, -10.72, -10.38,  -9.56,  -8.99,  -7.99, -10.73,  -9.05,  -8.21
2020-01-23, -23.92, -11.69, -21.67, -20.01, -16.18, -12.24, -11.29, -10.99, -10.68, -10.38,  -9.60,  -9.06,  -8.10, -10.67,  -9.11,  -8.30
2020-01-24, -28.37, -11.94, -25.68, -23.44, -18.28, -12.80, -11.44, -11.06, -10.71, -10.40,  -9.64,  -9.11,  -8.18, -10.64,  -9.14,  -8.37
2020-01-25, -33.60, -12.41, -30.45, -27.48, -20.52, -13.51, -11.79, -11.33, -10.93, -10.57,  -9.74,  -9.20,  -8.26, -10.83,  -9.23,  -8.44
2020-01-26, -34.09, -12.92, -31.11, -28.24, -21.10, -14.03, -12.33, -11.82, -11.34, -10.93,  -9.98,  -9.38,  -8.39, -11.19,  -9.41,  -8.57
2020-01-27, -38.67, -13.29, -33.34, -29.89, -21.82, -14.47, -12.70, -12.18, -11.69, -11.24, -10.24,  -9.61,  -8.55, -11.58,  -9.64,  -8.75
2020-01-28, -40.76, -13.68, -33.08, -29.61, -21.83, -14.81, -13.08, -12.56, -12.06, -11.59, -10.53,  -9.86,  -8.75, -12.06,  -9.93,  -8.97
2020-01-29, -39.26, -14.07, -31.95, -28.85, -21.65, -15.10, -13.47, -12.94, -12.43, -11.96, -10.85, -10.14,  -8.97, -12.50, -10.24,  -9.22
2020-01-30, -34.95, -14.19, -28.94, -26.45, -20.19, -14.88, -13.63, -13.16, -12.70, -12.24, -11.13, -10.41,  -9.20, -12.74, -10.52,  -9.46
2020-01-31, -36.04, -14.20, -30.11, -27.59, -20.96, -15.08, -13.68, -13.21, -12.77, -12.34, -11.30, -10.61,  -9.41, -12.73, -10.68,  -9.66
2020-02-01, -36.03, -14.22, -30.77, -28.10, -21.00, -15.16, -13.80, -13.33, -12.87, -12.45, -11.44, -10.75,  -9.58, -12.78, -10.80,  -9.81
2020-02-02, -41.20, -14.33, -33.03, -29.34, -21.09, -15.20, -13.88, -13.40, -12.96, -12.55, -11.56, -10.88,  -9.73, -12.91, -10.92,  -9.95
2020-02-03, -40.40, -14.70, -33.51, -30.00, -21.88, -15.62, -14.22, -13.73, -13.24, -12.80, -11.75, -11.05,  -9.87, -13.23, -11.09, -10.09
2020-02-04, -37.18, -14.91, -31.64, -28.72, -21.57, -15.79, -14.45, -13.98, -13.50, -13.06, -11.98, -11.26, -10.05, -13.53, -11.31, -10.27
2020-02-05, -36.51, -14.71, -27.53, -25.13, -19.60, -15.27, -14.31, -13.94, -13.54, -13.16, -12.15, -11.44, -10.23, -13.61, -11.50, -10.45
2020-02-06, -38.55, -14.73, -28.49, -25.99, -20.35, -15.44, -14.32, -13.94, -13.57, -13.19, -12.24, -11.56, -10.38, -13.54, -11.58, -10.58
2020-02-07, -41.54, -14.85, -28.21, -25.76, -20.11, -15.51, -14.41, -14.03, -13.65, -13.27, -12.35, -11.67, -10.51, -13.57, -11.67, -10.70
2020-02-08, -43.44, -15.18, -30.44, -27.58, -21.04, -15.99, -14.74, -14.32, -13.88, -13.47, -12.49, -11.81, -10.64, -13.67, -11.76, -10.81
2020-02-09, -34.30, -15.19, -27.45, -25.45, -20.28, -15.77, -14.79, -14.42, -14.02, -13.64, -12.66, -11.97, -10.78, -13.89, -11.92, -10.94
2020-02-10, -34.23, -15.01, -25.71, -23.62, -18.97, -15.42, -14.63, -14.32, -13.98, -13.65, -12.77, -12.09, -10.93, -13.90, -12.04, -11.08
2020-02-11, -36.24, -15.02, -26.49, -24.09, -19.12, -15.47, -14.61, -14.29, -13.96, -13.63, -12.77, -12.14, -11.03, -13.90, -12.11, -11.18
2020-02-12, -37.18, -15.22, -28.28, -25.56, -19.78, -15.70, -14.80, -14.46, -14.09, -13.74, -12.86, -12.23, -11.12, -13.94, -12.19, -11.27
2020-02-13, -39.56, -15.38, -29.10, -26.34, -20.43, -15.96, -14.95, -14.59, -14.23, -13.87, -12.98, -12.33, -11.22, -14.09, -12.28, -11.36
2020-02-14, -43.86, -15.76, -32.58, -29.29, -22.37, -16.60, -15.28, -14.86, -14.45, -14.06, -13.12, -12.46, -11.31, -14.36, -12.43, -11.48
2020-02-15, -41.12, -16.15, -32.60, -29.45, -22.25, -16.85, -15.66, -15.23, -14.79, -14.37, -13.35, -12.65, -11.47, -14.78, -12.65, -11.64
2020-02-16, -38.81, -16.39, -31.80, -28.82, -22.08, -17.05, -15.92, -15.50, -15.06, -14.64, -13.60, -12.88, -11.66, -15.07, -12.88, -11.84
2020-02-17, -38.36, -16.50, -31.26, -28.47, -22.29, -17.22, -16.05, -15.64, -15.23, -14.82, -13.80, -13.07, -11.83, -15.25, -13.09, -12.03
2020-02-18, -25.16, -16.54, -25.62, -24.68, -21.42, -17.15, -16.13, -15.74, -15.34, -14.94, -13.94, -13.23, -11.99, -15.36, -13.24, -12.19
2020-02-19, -24.26, -16.01, -23.74, -22.79, -19.91, -16.48, -15.67, -15.38, -15.08, -14.77, -13.93, -13.28, -12.11, -15.02, -13.27, -12.30
2020-02-20, -21.62, -15.24, -18.41, -17.95, -16.60, -15.30, -15.02, -14.86, -14.65, -14.42, -13.75, -13.19, -12.16, -14.63, -13.16, -12.30
2020-02-21, -25.81, -14.71, -18.01, -17.44, -16.06, -14.77, -14.49, -14.35, -14.19, -14.01, -13.48, -13.02, -12.09, -14.21, -12.99, -12.23
2020-02-22, -25.22, -14.42, -18.08, -17.46, -15.92, -14.51, -14.20, -14.06, -13.91, -13.73, -13.25, -12.83, -12.00, -13.95, -12.81, -12.13
2020-02-23, -25.30, -14.16, -17.44, -16.79, -15.34, -14.19, -13.95, -13.83, -13.68, -13.52, -13.07, -12.68, -11.90, -13.78, -12.68, -12.03
2020-02-24, -29.91, -14.07, -18.91, -17.89, -15.80, -14.19, -13.83, -13.70, -13.54, -13.37, -12.92, -12.55, -11.81, -13.64, -12.57, -11.94
2020-02-25, -23.33, -14.17, -19.73, -18.76, -16.37, -14.35, -13.90, -13.73, -13.55, -13.36, -12.86, -12.48, -11.74, -13.65, -12.50, -11.87
2020-02-26, -33.56, -14.06, -18.95, -17.84, -15.72, -14.15, -13.81, -13.66, -13.50, -13.32, -12.83, -12.46, -11.70, -13.61, -12.48, -11.84
2020-02-27, -40.81, -14.34, -24.02, -22.02, -17.93, -14.72, -14.03, -13.80, -13.57, -13.35, -12.82, -12.43, -11.68, -13.68, -12.45, -11.82
2020-02-28, -30.12, -14.84, -23.14, -21.38, -17.81, -15.17, -14.47, -14.19, -13.90, -13.63, -12.96, -12.50, -11.70, -14.05, -12.55, -11.84
2020-02-29, -23.32, -14.86, -20.06, -19.21, -17.07, -15.05, -14.56, -14.34, -14.09, -13.82, -13.14, -12.65, -11.79, -14.10, -12.67, -11.93
2020-03-01, -32.79, -14.83, -22.88, -21.25, -17.82, -15.09, -14.46, -14.22, -13.98, -13.75, -13.12, -12.69, -11.86, -13.96, -12.66, -11.97
2020-03-02, -41.12, -15.35, -28.31, -25.45, -19.61, -15.77, -14.89, -14.56, -14.24, -13.94, -13.22, -12.73, -11.89, -14.25, -12.73, -12.01
2020-03-03, -36.70, -16.03, -28.88, -26.18, -20.47, -16.51, -15.51, -15.12, -14.73, -14.36, -13.49, -12.93, -11.99, -14.89, -12.98, -12.14
2020-03-04, -35.39, -16.32, -25.89, -23.87, -19.73, -16.63, -15.78, -15.43, -15.06, -14.69, -13.79, -13.18, -12.16, -15.19, -13.26, -12.35
2020-03-05, -33.96, -16.49, -28.12, -25.74, -20.51, -16.88, -16.00, -15.64, -15.26, -14.88, -13.98, -13.37, -12.32, -15.35, -13.43, -12.52
2020-03-06, -31.96, -16.47, -27.31, -25.25, -20.52, -16.89, -16.04, -15.72, -15.38, -15.02, -14.14, -13.53, -12.47, -15.53, -13.61, -12.68
2020-03-07, -29.21, -16.44, -25.45, -23.90, -20.01, -16.80, -16.05, -15.73, -15.41, -15.10, -14.25, -13.65, -12.60, -15.58, -13.73, -12.81
2020-03-08, -28.48, -16.29, -24.06, -22.64, -19.29, -16.56, -15.92, -15.64, -15.34, -15.05, -14.28, -13.71, -12.70, -15.47, -13.78, -12.90
2020-03-09, -32.39, -16.23, -24.55, -22.86, -19.30, -16.52, -15.83, -15.56, -15.27, -14.99, -14.26, -13.74, -12.76, -15.39, -13.79, -12.95
2020-03-10, -35.68, -16.45, -26.78, -24.69, -20.23, -16.85, -16.00, -15.68, -15.37, -15.05, -14.30, -13.74, -12.80, -15.46, -13.81, -12.99
2020-03-11, -39.01, -16.83, -30.07, -27.30, -21.38, -17.31, -16.32, -15.96, -15.59, -15.24, -14.41, -13.84, -12.86, -15.69, -13.91, -13.06
2020-03-12, -23.57, -16.96, -26.42, -24.87, -20.61, -17.33, -16.55, -16.21, -15.85, -15.48, -14.60, -13.98, -12.95, -16.01, -14.06, -13.16
2020-03-13,  -3.46, -15.17,  -9.26, -10.68, -12.52, -14.58, -15.23, -15.28, -15.23, -15.10, -14.55, -14.05, -13.04, -15.50, -14.09, -13.25
2020-03-14,  -7.27, -13.27,  -7.35,  -8.20, -10.19, -12.64, -13.37, -13.57, -13.72, -13.81, -13.81, -13.59, -12.94, -14.04, -13.61, -13.07
2020-03-15, -19.20, -13.41, -16.47, -15.56, -14.16, -13.38, -13.24, -13.22, -13.22, -13.22, -13.18, -13.04, -12.62, -13.28, -13.05, -12.71
2020-03-16,  -8.86, -13.49, -11.99, -12.48, -13.05, -13.31, -13.37, -13.34, -13.29, -13.23, -13.02, -12.83, -12.38, -13.28, -12.80, -12.44
2020-03-17, -13.60, -13.17, -13.87, -13.65, -13.27, -13.06, -13.04, -13.01, -12.98, -12.94, -12.80, -12.63, -12.22, -12.94, -12.57, -12.25
2020-03-18,  -5.75, -12.91, -10.39, -11.12, -12.14, -12.68, -12.81, -12.81, -12.79, -12.75, -12.60, -12.44, -12.05, -12.74, -12.37, -12.06
2020-03-19,  -3.91, -12.36,  -8.85,  -9.61, -10.96, -12.04, -12.30, -12.35, -12.38, -12.39, -12.34, -12.22, -11.89, -12.29, -12.13, -11.88
2020-03-20,  -3.24, -11.82,  -7.34,  -8.42, -10.17, -11.45, -11.79, -11.88, -11.94, -11.98, -12.01, -11.95, -11.68, -11.85, -11.84, -11.66
2020-03-21,  -8.28, -11.43,  -8.74,  -9.15, -10.12, -11.13, -11.38, -11.45, -11.53, -11.58, -11.66, -11.64, -11.46, -11.42, -11.54, -11.43
2020-03-22, -19.84, -11.43, -12.85, -12.25, -11.52, -11.32, -11.32, -11.32, -11.34, -11.36, -11.40, -11.38, -11.24, -11.27, -11.30, -11.21
2020-03-23, -14.45, -11.95, -16.26, -15.58, -13.77, -12.10, -11.73, -11.62, -11.53, -11.46, -11.34, -11.26, -11.07, -11.54, -11.20, -11.05
2020-03-24,  -7.75, -11.80, -10.75, -11.11, -11.49, -11.64, -11.68, -11.65, -11.60, -11.55, -11.39, -11.26, -10.99, -11.65, -11.24, -11.01
2020-03-25, -17.29, -11.47, -12.01, -11.64, -11.31, -11.33, -11.37, -11.35, -11.35, -11.34, -11.26, -11.17, -10.92, -11.35, -11.13, -10.94
2020-03-26, -26.59, -11.91, -17.61, -16.15, -13.74, -12.05, -11.64, -11.52, -11.42, -11.34, -11.18, -11.06, -10.82, -11.41, -11.04, -10.84
2020-03-27, -32.18, -12.81, -23.88, -21.55, -16.92, -13.27, -12.41, -12.15, -11.94, -11.75, -11.36, -11.16, -10.79, -11.95, -11.13, -10.83
2020-03-28, -31.87, -13.66, -25.24, -22.92, -18.09, -14.21, -13.21, -12.89, -12.59, -12.32, -11.74, -11.41, -10.90, -12.69, -11.42, -10.96
2020-03-29, -27.50, -13.97, -22.98, -21.28, -17.54, -14.34, -13.57, -13.30, -13.02, -12.75, -12.12, -11.72, -11.08, -13.17, -11.75, -11.17
2020-03-30, -20.57, -14.03, -21.40, -20.28, -17.29, -14.37, -13.70, -13.45, -13.20, -12.95, -12.35, -11.95, -11.26, -13.32, -11.96, -11.35
2020-03-31, -14.57, -13.80, -18.02, -17.45, -15.72, -13.96, -13.54, -13.37, -13.17, -12.97, -12.46, -12.06, -11.39, -13.25, -12.06, -11.48
2020-04-01, -15.17, -13.36, -15.81, -15.38, -14.34, -13.38, -13.17, -13.06, -12.93, -12.79, -12.40, -12.08, -11.46, -12.98, -12.05, -11.53
2020-04-02, -13.19, -13.12, -15.01, -14.76, -13.94, -13.12, -12.93, -12.83, -12.73, -12.60, -12.28, -12.00, -11.46, -12.74, -11.96, -11.51
2020-04-03, -14.28, -12.79, -13.91, -13.71, -13.20, -12.73, -12.63, -12.57, -12.50, -12.41, -12.14, -11.90, -11.42, -12.49, -11.85, -11.45
2020-04-04, -15.81, -12.66, -15.33, -14.82, -13.69, -12.69, -12.48, -12.41, -12.32, -12.22, -12.00, -11.79, -11.35, -12.30, -11.73, -11.38
2020-04-05,  -8.13, -12.48, -12.24, -12.52, -12.59, -12.39, -12.33, -12.28, -12.21, -12.13, -11.90, -11.70, -11.29, -12.19, -11.64, -11.30
2020-04-06, -14.40, -12.04, -11.95, -11.79, -11.74, -11.88, -11.93, -11.92, -11.90, -11.87, -11.72, -11.57, -11.21, -11.87, -11.51, -11.22
2020-04-07, -17.66, -12.11, -13.72, -13.32, -12.74, -12.12, -11.92, -11.84, -11.78, -11.73, -11.56, -11.42, -11.10, -11.74, -11.36, -11.10
2020-04-08, -21.59, -12.37, -18.54, -17.30, -14.74, -12.58, -12.11, -11.98, -11.86, -11.75, -11.53, -11.36, -11.03, -11.82, -11.30, -11.03
2020-04-09, -19.16, -12.65, -17.60, -16.62, -14.49, -12.80, -12.39, -12.24, -12.09, -11.95, -11.61, -11.39, -11.02, -12.11, -11.35, -11.02
2020-04-10, -20.05, -12.66, -17.02, -16.14, -14.28, -12.76, -12.42, -12.29, -12.15, -12.02, -11.70, -11.47, -11.02, -12.21, -11.43, -11.05
2020-04-11, -14.97, -12.80, -17.82, -17.06, -14.96, -13.00, -12.55, -12.39, -12.24, -12.08, -11.74, -11.50, -11.05, -12.28, -11.47, -11.08
2020-04-12,  -7.36, -12.34, -10.75, -11.22, -11.83, -12.15, -12.23, -12.19, -12.12, -12.03, -11.76, -11.53, -11.08, -12.15, -11.48, -11.11
2020-04-13,  -7.78, -11.80, -10.04, -10.40, -11.02, -11.57, -11.71, -11.72, -11.71, -11.68, -11.56, -11.40, -11.04, -11.68, -11.33, -11.05
2020-04-14,  -6.03, -11.32,  -8.10,  -8.80, -10.03, -11.03, -11.28, -11.32, -11.35, -11.36, -11.31, -11.21, -10.93, -11.28, -11.12, -10.92
2020-04-15,  -4.94, -10.92,  -7.82,  -8.46,  -9.60, -10.62, -10.87, -10.93, -10.97, -11.01, -11.03, -10.98, -10.79, -10.88, -10.88, -10.75
2020-04-16,  -3.48, -10.38,  -4.98,  -5.90,  -7.90,  -9.92, -10.39, -10.51, -10.60, -10.66, -10.75, -10.75, -10.62, -10.51, -10.64, -10.57
2020-04-17,  -6.92, -10.06,  -6.74,  -7.19,  -8.34,  -9.69, -10.04, -10.13, -10.23, -10.31, -10.45, -10.49, -10.43, -10.13, -10.38, -10.37
2020-04-18, -14.61,  -9.99,  -8.51,  -8.56,  -9.01,  -9.73,  -9.93,  -9.99, -10.05, -10.12, -10.23, -10.28, -10.24,  -9.97, -10.17, -10.18
2020-04-19, -16.47, -10.28, -12.56, -12.09, -11.11, -10.28, -10.12, -10.09, -10.08, -10.09, -10.11, -10.14, -10.09,  -9.99, -10.04, -10.03
2020-04-20, -14.79, -10.42, -11.27, -11.21, -10.84, -10.37, -10.28, -10.24, -10.21, -10.18, -10.13, -10.09, -10.00, -10.16, -10.02,  -9.95
2020-04-21, -15.33, -10.37, -11.11, -10.91, -10.53, -10.27, -10.23, -10.20, -10.19, -10.18, -10.11, -10.07,  -9.95, -10.17, -10.00,  -9.91
2020-04-22, -11.21, -10.37, -10.96, -10.89, -10.58, -10.28, -10.24, -10.19, -10.17, -10.15, -10.08, -10.04,  -9.90, -10.16,  -9.97,  -9.87
2020-04-23, -12.37, -10.27, -10.17, -10.20, -10.17, -10.15, -10.16, -10.15, -10.13, -10.11, -10.06, -10.00,  -9.86, -10.11,  -9.93,  -9.83
2020-04-24, -19.06, -10.23, -11.12, -10.89, -10.45, -10.15, -10.10, -10.08, -10.07, -10.05,  -9.99,  -9.95,  -9.81, -10.03,  -9.88,  -9.78
2020-04-25, -17.92, -10.39, -13.18, -12.65, -11.49, -10.43, -10.22, -10.16, -10.11, -10.07,  -9.97,  -9.93,  -9.77, -10.04,  -9.84,  -9.73
2020-04-26, -10.02, -10.45, -11.29, -11.29, -10.93, -10.41, -10.30, -10.24, -10.19, -10.14, -10.01,  -9.93,  -9.73, -10.13,  -9.84,  -9.70
2020-04-27, -10.89, -10.27, -10.14, -10.20, -10.19, -10.15, -10.16, -10.14, -10.11, -10.08, -10.00,  -9.92,  -9.73, -10.08,  -9.84,  -9.70
2020-04-28, -12.89, -10.13, -10.11, -10.09, -10.03, -10.02, -10.02, -10.01, -10.00,  -9.99,  -9.92,  -9.86,  -9.70,  -9.97,  -9.79,  -9.67
2020-04-29, -19.98, -10.22, -13.02, -12.38, -11.18, -10.24, -10.06, -10.00,  -9.96,  -9.94,  -9.87,  -9.82,  -9.66,  -9.93,  -9.74,  -9.62
2020-04-30, -18.72, -10.50, -14.32, -13.67, -12.12, -10.61, -10.30, -10.20, -10.11, -10.04,  -9.89,  -9.80,  -9.63, -10.08,  -9.74,  -9.59
2020-05-01, -15.49, -10.66, -14.24, -13.70, -12.25, -10.78, -10.46, -10.35, -10.26, -10.17,  -9.97,  -9.86,  -9.63, -10.23,  -9.80,  -9.61
2020-05-02,  -8.98, -10.56, -10.96, -11.09, -10.91, -10.51, -10.41, -10.35, -10.29, -10.22, -10.04,  -9.90,  -9.65, -10.28,  -9.85,  -9.64
2020-05-03, -14.73, -10.29, -10.64, -10.53, -10.31, -10.19, -10.17, -10.16, -10.13, -10.09,  -9.98,  -9.89,  -9.66, -10.12,  -9.84,  -9.66
2020-05-04, -12.29, -10.22, -10.71, -10.65, -10.40, -10.14, -10.09, -10.06, -10.03, -10.00,  -9.90,  -9.83,  -9.64, -10.02,  -9.78,  -9.62
2020-05-05, -10.19, -10.06,  -9.08,  -9.32,  -9.64,  -9.89,  -9.96,  -9.95,  -9.94,  -9.93,  -9.85,  -9.79,  -9.60,  -9.92,  -9.72,  -9.58
2020-05-06, -12.37,  -9.87,  -9.21,  -9.29,  -9.47,  -9.69,  -9.77,  -9.77,  -9.78,  -9.78,  -9.75,  -9.70,  -9.55,  -9.75,  -9.64,  -9.53
2020-05-07,  -8.57,  -9.72,  -8.27,  -8.55,  -9.05,  -9.51,  -9.63,  -9.65,  -9.66,  -9.67,  -9.65,  -9.62,  -9.49,  -9.63,  -9.55,  -9.46
2020-05-08,  -5.35,  -9.49,  -7.36,  -7.74,  -8.48,  -9.24,  -9.42,  -9.46,  -9.50,  -9.52,  -9.53,  -9.52,  -9.42,  -9.46,  -9.45,  -9.38
2020-05-09,  -0.19,  -9.18,  -5.45,  -6.16,  -7.52,  -8.84,  -9.16,  -9.23,  -9.29,  -9.33,  -9.40,  -9.40,  -9.34,  -9.10,  -9.33,  -9.29
2020-05-10,   0.01,  -7.85,  -3.00,  -3.82,  -5.55,  -7.54,  -8.13,  -8.41,  -8.66,  -8.84,  -9.10,  -9.20,  -9.22,  -6.99,  -8.69,  -9.02
2020-05-11,  -2.53,  -4.31,  -0.89,  -1.30,  -2.37,  -4.19,  -4.91,  -5.53,  -6.19,  -6.80,  -7.95,  -8.43,  -8.86,  -4.38,  -7.56,  -8.38
2020-05-12,  -3.54,  -3.70,  -0.73,  -0.80,  -1.23,  -3.26,  -4.12,  -4.65,  -5.22,  -5.77,  -6.91,  -7.51,  -8.24,  -3.34,  -6.44,  -7.51
2020-05-13,  -7.20,  -4.33,  -4.55,  -4.30,  -3.85,  -4.20,  -4.51,  -4.79,  -5.15,  -5.53,  -6.41,  -6.96,  -7.72,  -3.22,  -5.81,  -6.87
2020-05-14,  -5.33,  -5.19,  -4.85,  -4.92,  -4.93,  -5.09,  -5.20,  -5.34,  -5.54,  -5.76,  -6.31,  -6.74,  -7.38,  -3.73,  -5.54,  -6.45
2020-05-15,  -5.16,  -5.51,  -3.53,  -3.82,  -4.49,  -5.28,  -5.52,  -5.65,  -5.81,  -5.98,  -6.39,  -6.72,  -7.22,  -4.40,  -5.61,  -6.30
2020-05-16,  -3.80,  -5.70,  -2.93,  -3.38,  -4.34,  -5.41,  -5.69,  -5.82,  -5.96,  -6.11,  -6.45,  -6.72,  -7.13,  -4.86,  -5.78,  -6.31
2020-05-17,  -4.58,  -5.77,  -3.24,  -3.60,  -4.49,  -5.48,  -5.75,  -5.87,  -6.02,  -6.14,  -6.48,  -6.72,  -7.08,  -5.10,  -5.91,  -6.36
2020-05-18,  -4.56,  -5.81,  -3.11,  -3.42,  -4.27,  -5.48,  -5.80,  -5.91,  -6.05,  -6.18,  -6.48,  -6.70,  -7.03,  -5.25,  -5.99,  -6.40
2020-05-19,  -2.80,  -5.65,  -2.23,  -2.55,  -3.51,  -5.22,  -5.66,  -5.82,  -5.98,  -6.14,  -6.45,  -6.66,  -6.98,  -5.31,  -6.04,  -6.41
2020-05-20,  -3.83,  -5.31,  -0.98,  -1.41,  -2.77,  -4.83,  -5.34,  -5.54,  -5.75,  -5.94,  -6.33,  -6.58,  -6.92,  -4.74,  -5.91,  -6.36
2020-05-21,  -4.53,  -5.16,  -1.14,  -1.68,  -3.00,  -4.70,  -5.14,  -5.33,  -5.54,  -5.73,  -6.16,  -6.44,  -6.82,  -4.51,  -5.71,  -6.22
2020-05-22,  -2.36,  -4.14,  -1.16,  -1.47,  -2.27,  -3.65,  -4.53,  -4.97,  -5.29,  -5.53,  -5.98,  -6.29,  -6.69,  -4.19,  -5.49,  -6.04
2020-05-23,   0.09,  -0.97,   0.39,  -0.03,  -0.14,  -0.55,  -1.78,  -2.79,  -3.66,  -4.31,  -5.41,  -5.94,  -6.52,  -3.11,  -5.11,  -5.81
2020-05-24,  -0.13,  -0.65,   1.02,   0.33,  -0.12,  -0.34,  -1.26,  -2.06,  -2.81,  -3.44,  -4.67,  -5.36,  -6.18,  -2.42,  -4.61,  -5.46
2020-05-25,  -0.37,  -0.61,   0.78,   0.25,  -0.15,  -0.33,  -1.08,  -1.74,  -2.39,  -2.96,  -4.14,  -4.86,  -5.79,  -2.09,  -4.23,  -5.13
2020-05-26,   0.64,  -0.59,   2.80,   1.88,   0.04,  -0.32,  -0.98,  -1.57,  -2.15,  -2.67,  -3.78,  -4.49,  -5.45,  -1.87,  -3.93,  -4.84
2020-05-27,   1.72,  -0.54,   3.52,   3.25,   0.50,  -0.23,  -0.88,  -1.42,  -1.96,  -2.45,  -3.50,  -4.20,  -5.16,  -1.63,  -3.68,  -4.59
2020-05-28,   2.11,  -0.46,   4.51,   4.27,   1.67,  -0.12,  -0.77,  -1.27,  -1.78,  -2.25,  -3.26,  -3.94,  -4.90,  -1.44,  -3.44,  -4.35
2020-05-29,   1.81,  -0.39,   4.01,   4.39,   2.87,   0.42,  -0.68,  -1.14,  -1.61,  -2.03,  -2.97,  -3.66,  -4.63,  -1.31,  -3.24,  -4.14
2020-05-30,  -0.01,   0.07,   2.33,   2.61,   1.66,   1.35,  -0.55,  -1.01,  -1.45,  -1.85,  -2.75,  -3.41,  -4.37,  -1.19,  -3.06,  -3.94
2020-05-31,  -0.66,   0.16,   0.94,   1.10,   0.63,   0.62,  -0.46,  -0.90,  -1.33,  -1.72,  -2.60,  -3.23,  -4.16,  -1.07,  -2.87,  -3.73
